{
  "rsi": 0.12516967311665836,
  "bollinger": 0.058294580028238355,
  "macd": 0.058294580028238355,
  "ema_cross": 0.058294580028238355,
  "order_flow": 0.21126970760783867,
  "z_score": 0.03221012541940826,
  "volume": 0.058294580028238355,
  "sentiment": 0.10459113349844838,
  "funding_rate": 0.05125184644375329,
  "candle_pattern": 0.11387777439693995,
  "chart_pattern": 0.11387777439693995,
  "trend": 0.014573645007059589
}