{
  "rsi": 0.16983443847563295,
  "bollinger": 0.05628570979867363,
  "macd": 0.028142854899336815,
  "ema_cross": 0.028142854899336815,
  "order_flow": 0.20086569421612965,
  "z_score": 0.08161609943705493,
  "volume": 0.05628570979867363,
  "sentiment": 0.09956944139875926,
  "funding_rate": 0.048921314990073995,
  "candle_pattern": 0.10813222731832998,
  "chart_pattern": 0.10813222731832998,
  "trend": 0.014071427449668408
}