{
  "rsi": 0.14058864831484846,
  "bollinger": 0.057760278677752665,
  "macd": 0.05745592816876263,
  "ema_cross": 0.05745592816876263,
  "order_flow": 0.22718243253797024,
  "z_score": 0.046046850105169304,
  "volume": 0.0,
  "sentiment": 0.11674460635517571,
  "funding_rate": 0.06152569326377856,
  "candle_pattern": 0.11043782618279453,
  "chart_pattern": 0.11043782618279453,
  "trend": 0.014363982042190658
}